id,title_ko,title_en,title_ja,title_zh,title_es,story_ko,story_en,story_ja,story_zh,story_es,q1_ko,q1_en,q1_ja,q1_zh,q1_es,q2_ko,q2_en,q2_ja,q2_zh,q2_es
449,출근길에 하나님을 기억하기,Remembering God on the Way to Work,出勤途中に神様を思い出す,在上班路上记念神,Recordar a Dios en el camino al trabajo,"출근길, 늘 핸드폰만 보던 내가 오늘은 하늘을 올려다보며 '하나님, 오늘도 함께해주세요'라고 속삭였어요. 그 한마디가 하루의 시작을 다르게 만들었어요.","On my way to work, instead of staring at my phone as usual, I looked up at the sky and whispered, 'God, be with me today.' That one sentence changed how my day began.",出勤途中、いつもはスマホばかり見ていた私が、今日は空を見上げて「神様、今日も共にいてください」とささやきました。その一言が一日の始まりを変えてくれました。,上班途中，我不像平常那样只看手机，而是抬头望向天空轻声说：“神啊，今天也请与我同在。”这一句话改变了我一整天的开始。,"En el camino al trabajo, en lugar de mirar mi teléfono como siempre, miré al cielo y susurré: 'Dios, acompáñame hoy'. Esa frase cambió el inicio de mi día.",나는 하루를 어떻게 시작하고 있나요?,How am I starting my day?,私は一日をどう始めていますか？,我如何开始我的一天？,¿Cómo estoy comenzando mi día?,하나님과 동행하는 아침을 만들고 있나요?,Am I creating mornings with God's presence?,神様と共に歩む朝を作っていますか？,我是否营造了与神同行的早晨？,¿Estoy construyendo mañanas con la presencia de Dios?
450,북한 주민을 위한 구체적인 기도제목 만들기,Creating Specific Prayer Topics for North Koreans,北朝鮮の住民のために具体的な祈りの課題を立てる,为北韩居民设定具体祷告事项,Crear motivos de oración específicos por los norcoreanos,"북한에서 태어난 한 탈북자의 간증을 듣고 큰 충격을 받았어요. 그날부터 저는 '오늘은 북한의 엄마들, 내일은 아이들'처럼 구체적으로 기도하고 있어요.","Hearing the testimony of a defector from North Korea deeply moved me. Since then, I’ve been praying specifically—'Today for North Korean mothers, tomorrow for the children.'",北朝鮮出身の脱北者の証しを聞いて衝撃を受けました。それ以来、私は「今日は北朝鮮のお母さんたち、明日は子どもたち」といった具体的な祈りをしています。,听到一位北韩脱北者的见证让我大为震撼。从那天起，我就开始具体地祷告，“今天为北韩的妈妈们，明天为孩子们”。,"Escuché el testimonio de un desertor de Corea del Norte y me impactó profundamente. Desde entonces, oro específicamente: 'Hoy por las madres norcoreanas, mañana por los niños'.",북한 형제자매를 위해 어떤 기도제목을 가졌나요?,What prayer topic do I have for North Korean brothers and sisters?,北朝鮮の兄弟姉妹のためにどんな祈りの課題を持っていますか？,我为北韩弟兄姊妹设定了什么祷告事项？,¿Qué tema de oración tengo por los hermanos norcoreanos?,내 기도가 하나님께서 사용하실 도구가 될 수 있을까요?,Can my prayer be a tool God will use?,私の祈りが神様の道具となるでしょうか？,我的祷告能成为神所使用的工具吗？,¿Puede mi oración ser una herramienta que Dios utilice?
451,하나님의 시선으로 사람 바라보기,Seeing People Through God's Eyes,神様の視点で人を見る,用神的眼光看待人,Ver a las personas con los ojos de Dios,"버스에서 시끄럽게 통화하는 사람을 보며 짜증이 났어요. 그런데 '하나님이 저 사람을 어떻게 보실까?'라고 생각해보니, 내 마음이 부드러워졌어요.","I got annoyed seeing someone talking loudly on the bus. But when I asked, 'How would God see this person?' my heart softened.",バスでうるさく通話している人を見て苛立ちました。でも「神様はこの人をどう見ておられるのだろう？」と思ったら、心が和らぎました。,看到有人在公交车上大声打电话让我很烦躁。但当我想到“神会如何看这人？”时，我的心柔和了下来。,"Me molestó ver a alguien hablando fuerte en el autobús. Pero al pensar '¿Cómo ve Dios a esta persona?', mi corazón se suavizó.",오늘 나는 누구를 판단했나요?,Who did I judge today?,今日は誰を判断してしまいましたか？,今天我评断了谁？,¿A quién juzgué hoy?,하나님의 눈으로 보면 그 사람은 어떤 존재인가요?,How would that person look through God's eyes?,神様の目にはその人はどんな存在でしょうか？,用神的眼光看，那人是什么样的？,¿Cómo vería Dios a esa persona?
452,일상 속 예배의 마음 갖기,Worshiping God in Daily Life,日常の中で礼拝の心を持つ,在日常中拥有敬拜的心,Tener un corazón de adoración en lo cotidiano,"설거지를 하며 찬양을 틀어놓고 따라 부르기 시작했어요. 평범한 시간이 하나님께 드리는 예배로 바뀌었고, 마음이 가벼워졌어요.","I started playing praise music and singing along while doing the dishes. An ordinary moment turned into worship for God, and my heart felt lighter.",皿洗いをしながら賛美歌を流して歌い始めました。普通の時間が神様への礼拝に変わり、心が軽くなりました。,在洗碗时我开始播放赞美诗并跟唱。平凡的时刻变成了对神的敬拜，我的心也变得轻松了。,Comencé a escuchar alabanzas y a cantar mientras lavaba los platos. Un momento ordinario se convirtió en adoración a Dios y mi corazón se sintió más ligero.,오늘 나는 어떤 순간을 예배로 바꾸었나요?,What moment today did I turn into worship?,今日はどんな瞬間を礼拝に変えましたか？,今天我把哪个时刻变成了敬拜？,¿Qué momento transformé hoy en adoración?,하나님은 내 일상에서 어떤 예배를 원하실까요?,What kind of worship does God desire from my daily life?,神様は私の日常の中でどんな礼拝を望んでおられますか？,神希望我在日常中献上怎样的敬拜？,¿Qué tipo de adoración desea Dios de mi vida diaria?
453,북한 선교 후원 저금통 만들기,Making a Mission Fund Jar for North Korea,北朝鮮宣教の募金箱を作る,制作一个北韩宣教奉献罐,Crear una alcancía para la misión en Corea del Norte,"작은 저금통을 하나 만들고 '북한 선교 헌금'이라고 적었어요. 커피 한 잔 안 마신 돈을 넣기 시작했는데, 하나님께 드린다는 마음에 기쁨이 생겼어요.",I made a small jar labeled 'North Korea Mission Offering.' I started putting in money I saved from skipping coffee. It gave me joy to dedicate it to God.,「北朝鮮宣教献金」と書かれた小さな貯金箱を作りました。コーヒーを我慢して浮いたお金を入れ始め、神様に捧げるという思いに喜びが湧いてきました。,我做了一个标着“北韩宣教奉献”的小存钱罐。把省下一杯咖啡的钱放进去，想到是献给神的，就感到很喜乐。,Hice una pequeña alcancía con la etiqueta 'Ofrenda Misionera para Corea del Norte'. Comencé a poner el dinero que ahorraba al no tomar café. Me dio alegría dedicarlo a Dios.,나는 북한 선교를 위해 어떤 실천을 하고 있나요?,What am I doing to support missions in North Korea?,北朝鮮宣教のためにどんな実践をしていますか？,我为北韩宣教做了什么实际行动？,¿Qué estoy haciendo para apoyar la misión en Corea del Norte?,작은 정성이 하나님의 역사에 쓰일 수 있다는 걸 믿나요?,Do I believe my small offering can be used by God?,小さな献金が神様の御業に使われると信じていますか？,我相信神能使用我微小的奉献吗？,¿Creo que mi pequeña ofrenda puede ser usada por Dios?
454,하나님께 하루를 맡기며 잠들기,Ending the Day Entrusting It to God,神様に一日を委ねて眠りにつく,将这一天交托给神后入睡,Dormir confiando el día a Dios,"하루를 마치고 침대에 누웠을 때, 오늘 하루 하나님이 나와 함께 하셨음을 떠올리며 감사기도를 드렸어요. 평안한 잠이 왔고, 다음 날도 평안했어요.","Lying in bed at the end of the day, I remembered that God was with me today and gave thanks. I slept peacefully and started the next day with peace.",一日を終えてベッドに横になったとき、今日一日神様が共におられたことを思い出し、感謝の祈りを捧げました。平安な眠りが訪れ、次の日も平安でした。,一天结束后躺在床上，我回想起今天神与我同在，并向祂献上感恩的祷告。我安然入睡，第二天也很平安。,"Al acostarme al final del día, recordé que Dios estuvo conmigo y le di gracias. Dormí en paz y comencé el siguiente día con tranquilidad.",나는 하루의 끝을 어떻게 마무리하고 있나요?,How do I end my day?,一日の終わりをどう締めくくっていますか？,我如何结束我的一天？,¿Cómo termino mi día?,하나님께 감사로 하루를 드리고 있나요?,Am I ending it with gratitude to God?,感謝をもって神様に捧げていますか？,我是否以感恩向神献上我的一天？,¿Lo termino con gratitud a Dios?
455,북한을 위한 금식 기도 하루 도전하기,Fasting One Day in Prayer for North Korea,北朝鮮のために一日断食祈祷に挑戦する,为北韩禁食祷告一天的挑战,Ayunar un día como oración por Corea del Norte,"북한의 자유를 위해 하루 금식을 실천했어요. 배는 고팠지만, 그 고통을 통해 북한 주민의 아픔을 조금이라도 느낄 수 있었고, 기도가 깊어졌습니다.","I fasted for a day to pray for freedom in North Korea. Though I felt hungry, the discomfort helped me connect with the suffering of North Koreans, and my prayers deepened.",北朝鮮の自由のために一日断食しました。お腹は空きましたが、その痛みを通して北朝鮮の人々の苦しみを少しでも感じることができ、祈りも深まりました。,我为北韩的自由禁食一天。虽然感到饥饿，但通过这种痛苦，我能稍微体会北韩人民的痛苦，我的祷告也更加深切。,"Ayuné un día por la libertad en Corea del Norte. Aunque sentí hambre, esa incomodidad me ayudó a conectarme con el sufrimiento del pueblo norcoreano, y mi oración se profundizó.",나는 북한을 위해 어떤 헌신을 할 수 있을까요?,What kind of sacrifice can I make for North Korea?,北朝鮮のためにどんな献身ができますか？,我能为北韩做出怎样的奉献？,¿Qué clase de entrega puedo hacer por Corea del Norte?,하나님이 나의 금식기도를 기뻐하실까요?,Would God be pleased with my fasting prayer?,私の断食祈祷を神様は喜ばれるでしょうか？,神会喜悦我的禁食祷告吗？,¿Se agradará Dios de mi ayuno y oración?
456,하루 한 끼 북한을 위해 금식하며 기도하기,Fasting One Meal to Pray for North Korea,北朝鮮のために一食断食して祈る,为北韩禁食一餐并祷告,Ayunar una comida para orar por Corea del Norte,"어느 날 점심을 건너뛰고 북한 지하교회 성도들을 위해 기도했습니다. 배고픔이 하나님을 더 깊이 의지하게 만들었고, 그들의 삶을 잠시나마 공감할 수 있는 시간이 되었습니다.","One day, I skipped lunch and prayed for underground church believers in North Korea. The hunger made me rely on God more deeply and helped me briefly empathize with their lives.",ある日、昼食を抜いて北朝鮮の地下教会の信徒たちのために祈りました。空腹が神様へのより深い依存を生み出し、彼らの生活に少しでも共感する時間となりました。,有一天，我跳过午餐为北韩地下教会的信徒祷告。饥饿使我更深地依靠神，也让我稍微体会他们的生活。,"Un día, omití el almuerzo y oré por los creyentes de la iglesia subterránea en Corea del Norte. El hambre me llevó a depender más de Dios y a empatizar brevemente con sus vidas.",오늘 나는 어떤 방식으로 북한을 위한 기도를 실천했나요?,How did I pray for North Korea today?,今日はどのようにして北朝鮮のために祈りましたか？,今天我是如何为北韩祷告的？,¿Cómo oré hoy por Corea del Norte?,하나님은 나의 기도를 통해 어떤 위로를 주실까요?,What kind of comfort might God give through my prayers?,神様は私の祈りを通してどんな慰めを与えてくださるでしょうか？,神会透过我的祷告带来怎样的安慰？,¿Qué consuelo puede dar Dios a través de mis oraciones?
457,불편함 속에서도 감사 찾기,Finding Gratitude in Discomfort,不便の中でも感謝を見つける,在不便中寻找感恩,Encontrar gratitud en medio de la incomodidad,"지하철이 고장 나고, 회사에는 전기가 나갔습니다. 짜증날 수 있는 하루였지만, 문득 북한 주민들의 삶이 떠올랐습니다. 감사할 조건을 세어보니, 오히려 마음이 편안해졌습니다.","The subway broke down, and the power went out at work. It could have been a frustrating day, but I thought of the lives of North Koreans. Listing reasons to be thankful brought peace to my heart.",地下鉄が故障し、職場では停電がありました。イライラする一日になりそうでしたが、ふと北朝鮮の人々の生活を思い出しました。感謝できることを数えてみたら、心が落ち着きました。,地铁故障，办公室停电，本该是令人烦躁的一天，但我突然想到了北韩居民的生活。列出我可以感恩的事情后，心变得平静了。,"El metro se averió y en el trabajo se fue la luz. Podría haber sido un día frustrante, pero pensé en la vida de los norcoreanos. Al enumerar razones para agradecer, mi corazón se llenó de paz.",나는 오늘 어떤 불편함 속에서도 감사를 찾았나요?,Did I find gratitude in any discomfort today?,今日はどんな不便の中でも感謝を見つけましたか？,今天我在什么不便中找到了感恩？,¿Encontré gratitud en alguna incomodidad hoy?,하나님은 나에게 어떤 시선을 주시기를 원하실까요?,What kind of perspective does God want me to have?,神様は私にどんな視点を与えたいと願っておられますか？,神希望我拥有怎样的眼光？,¿Qué perspectiva quiere Dios que tenga?
458,북한 청소년을 위한 편지 써보기,Writing a Letter for North Korean Youth,北朝鮮の若者への手紙を書いてみる,给北韩青少年写一封信,Escribir una carta para jóvenes norcoreanos,교회 청소년부에서 북한 또래 친구들에게 편지를 써보는 활동을 했습니다. '하나님은 너를 사랑하신다'는 말을 적으며 눈물이 났습니다. 마음으로 연결된 형제임을 느꼈습니다.,"At church, we wrote letters to peers in North Korea. Writing 'God loves you' brought tears to my eyes. I felt we were truly connected in spirit.",教会のユースで、北朝鮮の同年代の若者たちに手紙を書く活動をしました。「神様はあなたを愛しておられる」と書きながら、涙が出ました。心でつながった兄弟であると感じました。,在教会青少年部，我们开展了写信给北韩同龄人的活动。当我写下“神爱你”时泪流满面，感受到我们是心灵相连的兄弟。,"En la iglesia, escribimos cartas a jóvenes de Corea del Norte. Al escribir 'Dios te ama', se me llenaron los ojos de lágrimas. Sentí que estábamos conectados de corazón.",나는 북한의 다음 세대를 위해 어떤 기도를 드렸나요?,What have I prayed for the next generation of North Korea?,北朝鮮の次世代のためにどんな祈りをしましたか？,我为北韩的下一代祷告了什么？,¿Qué he orado por la próxima generación de Corea del Norte?,하나님께서 그 땅의 청년들에게 어떤 소망을 주시길 원하실까요?,What kind of hope might God want to give to the youth there?,神様はその地の若者たちにどんな希望を与えたいと願っておられるでしょうか？,神希望给予那地青年怎样的盼望？,¿Qué esperanza querrá Dios darles a los jóvenes de allí?
459,낯선 이에게 먼저 인사하기,Saying Hello First to a Stranger,見知らぬ人に先に挨拶する,主动向陌生人打招呼,Saludar primero a un desconocido,"엘리베이터에서 마주친 이웃에게 먼저 인사했습니다. 짧은 인사 하나가 따뜻한 하루의 시작이 되었고, 하나님의 사랑을 작은 행동으로 전할 수 있었습니다.",I greeted a neighbor first in the elevator. That short greeting brought warmth to the day and became a small way to show God’s love.,エレベーターで出会った隣人に先に挨拶しました。その短い挨拶が一日の温かい始まりとなり、神様の愛を小さな行動で伝えることができました。,我在电梯里主动向邻居打招呼。简短的问候成了温暖的一天的开始，也成为传递神爱的一个小方式。,Saludé primero a un vecino en el ascensor. Ese breve saludo hizo que el día comenzara con calidez y fue una forma sencilla de mostrar el amor de Dios.,오늘 나는 누구에게 따뜻한 인사를 전했나요?,To whom did I offer a warm greeting today?,今日は誰に温かい挨拶をしましたか？,今天我向谁传达了温暖的问候？,¿A quién saludé con calidez hoy?,하나님의 사랑을 표현하는 나의 태도는 어떤가요?,How am I expressing God's love through my actions?,神様の愛を表す私の態度はどんなものですか？,我表达神爱的态度如何？,¿Cómo expreso el amor de Dios en mis actitudes?
460,북한 지하교회와 함께 드리는 예배 마음 갖기,Worshiping with the Heart of North Korea's Underground Church,北朝鮮の地下教会と共に礼拝する心を持つ,以与北韩地下教会同心的心态敬拜,Adorar con el corazón de la iglesia subterránea norcoreana,예배 중에 북한 지하교회 성도들이 떠올랐습니다. 자유롭게 찬양하는 지금 이 순간이 얼마나 귀한지 깨달으며 더 진심으로 예배드렸습니다.,"During worship, I thought of believers in North Korea’s underground churches. I realized how precious it is to praise freely, and worshiped with deeper sincerity.",礼拝中に北朝鮮の地下教会の信徒たちを思い出しました。自由に賛美できる今この瞬間がどれほど貴重かを悟り、心から礼拝を捧げました。,在敬拜中我想到了北韩地下教会的信徒，意识到能自由赞美是多么宝贵，于是更加真诚地敬拜。,"Durante la adoración, pensé en los creyentes de las iglesias subterráneas de Corea del Norte. Comprendí lo valioso que es alabar con libertad y adoré con más sinceridad.",나는 오늘 예배를 어떤 마음으로 드렸나요?,With what heart did I worship today?,今日はどんな心で礼拝を捧げましたか？,今天我是带着怎样的心敬拜的？,¿Con qué corazón adoré hoy?,자유 속에서 예배드리는 내가 감사해야 할 것은 무엇인가요?,What should I be thankful for as I worship in freedom?,自由の中で礼拝できる私が感謝すべきことは何でしょうか？,我在自由中敬拜，有什么是值得感恩的？,¿Por qué debería estar agradecido al adorar en libertad?
461,주일 헌금 중 일부 북한 선교를 위해 따로 구별하기,Setting Aside Part of Sunday Offering for North Korea Missions,主日献金の一部を北朝鮮宣教のために分ける,将主日奉献的一部分专用于北韩宣教,Separar parte de la ofrenda dominical para la misión en Corea del Norte,"작은 액수였지만, 북한 선교 헌금을 따로 준비했습니다. 마음이 더욱 진지해졌고, 주일 헌금이 단순한 의무가 아닌 사랑의 표현임을 알게 되었습니다.","Though it was a small amount, I prepared a separate offering for North Korea missions. My heart became more sincere, and I realized that giving is an expression of love, not just a duty.",少額でしたが、北朝鮮宣教のために別途献金を準備しました。心がより真剣になり、主日献金が義務ではなく愛の表現であることに気づきました。,虽然数额不大，但我特地为北韩宣教准备了奉献。我的心变得更加认真，也明白主日奉献不是责任，而是爱的表达。,"Aunque era una pequeña cantidad, preparé una ofrenda separada para la misión en Corea del Norte. Mi corazón se volvió más sincero y comprendí que la ofrenda no es solo un deber, sino una expresión de amor.",나는 오늘 나눔의 기쁨을 경험했나요?,Did I experience the joy of sharing today?,今日は分かち合いの喜びを経験しましたか？,今天我是否经历了施予的喜乐？,¿Experimenté hoy el gozo de compartir?,하나님은 나의 작은 헌신을 어떻게 사용하실까요?,How might God use my small act of devotion?,神様は私の小さな献身をどのように用いられるでしょうか？,神会如何使用我这微小的献上？,¿Cómo podría Dios usar mi pequeña entrega?
462,아침에 일어나 하나님께 하루를 맡기기,Starting the Day by Entrusting It to God,朝起きて神様に一日を委ねる,早晨起来把这一天交托给神,Comenzar el día confiándolo a Dios,"일어나자마자 핸드폰을 보기 전, 조용히 하나님께 하루를 맡겼습니다. 짧은 기도였지만 마음이 안정되었고, 하루의 방향이 달라졌습니다.","Before checking my phone upon waking up, I quietly entrusted my day to God. It was a short prayer, but it brought peace and changed the direction of my day.",起きてすぐにスマホを見る前に、静かに神様に一日を委ねました。短い祈りでしたが、心が落ち着き、その日一日の方向が変わりました。,早晨醒来，我没有立刻看手机，而是安静地把这一天交托给神。虽然只是短短的祷告，却带来了平安，也改变了整天的方向。,"Antes de mirar el celular al despertarme, confié mi día a Dios en silencio. Fue una oración breve, pero me dio paz y cambió el rumbo de mi jornada.","오늘 아침, 나는 누구에게 가장 먼저 말을 걸었나요?",Who did I speak to first this morning?,今朝、最初に誰に話しかけましたか？,今天早上我最先和谁说话？,¿A quién le hablé primero esta mañana?,하나님과 하루를 시작할 때 어떤 변화가 있었나요?,What changed when I started the day with God?,神様と一日を始めることで何が変わりましたか？,当我与神一起开始这一天时，有什么不同？,¿Qué cambió al comenzar el día con Dios?
463,다툼이 아닌 이해로 반응하기,Responding with Understanding Instead of Conflict,争いではなく理解で応じる,用理解而不是争吵来回应,Responder con comprensión en lugar de pelear,"대화 중 오해로 다툴 뻔했지만, 숨을 고르고 상대를 이해하려 노력했습니다. 그 순간 하나님이 주시는 평안을 느꼈고, 갈등은 오히려 화해의 기회가 되었습니다.","During a conversation, I almost argued due to a misunderstanding, but I paused and tried to understand the other person. I felt God's peace and the conflict turned into a chance for reconciliation.",会話の中で誤解から争いになりそうでしたが、一息ついて相手を理解しようと努めました。その瞬間、神様からの平安を感じ、対立はむしろ和解の機会になりました。,交谈中因误会差点争吵，我深呼吸后试着理解对方。那一刻我感受到神所赐的平安，冲突反而成为和解的机会。,"Durante una conversación, estuve a punto de discutir por un malentendido, pero respiré hondo e intenté comprender a la otra persona. Sentí la paz de Dios y el conflicto se convirtió en una oportunidad de reconciliación.",오늘 나는 어떤 감정을 선택했나요?,What emotion did I choose today?,今日はどんな感情を選びましたか？,今天我选择了什么情绪？,¿Qué emoción elegí hoy?,하나님의 성품은 내 삶에 어떻게 드러나고 있나요?,How is God's character being revealed in my life?,神様のご性質は私の人生にどのように現れていますか？,神的品性如何在我的生命中显现？,¿Cómo se refleja el carácter de Dios en mi vida?
464,북한 관련 기사 하나 읽고 기도하기,Read a North Korea Article and Pray,北朝鮮に関する記事を一つ読んで祈る,阅读一篇有关北韩的新闻并祷告,Leer un artículo sobre Corea del Norte y orar,"뉴스에서 북한 관련 기사를 읽고, 무감각해지지 않으려 짧게 기도했습니다. 그 땅도 하나님의 땅이며, 회복을 원하신다는 사실을 다시 깨달았습니다.","After reading a news article about North Korea, I said a short prayer to keep my heart from becoming numb. I was reminded that North Korea is God’s land too, and He desires its restoration.",ニュースで北朝鮮に関する記事を読み、無関心にならないように短く祈りました。その地も神様の土地であり、神様が回復を望んでおられることを思い出しました。,读完关于北韩的新闻后，我做了一个简短的祷告，提醒自己不要麻木。那片土地也是神的国度，祂愿意恢复它。,"Después de leer una noticia sobre Corea del Norte, hice una breve oración para no insensibilizarme. Recordé que esa tierra también le pertenece a Dios y Él desea su restauración.",오늘 나는 어떤 뉴스 속에서 하나님의 마음을 느꼈나요?,In which news today did I feel God’s heart?,今日、どのニュースの中で神様の御心を感じましたか？,今天我在哪篇新闻中感受到神的心？,¿En qué noticia sentí hoy el corazón de Dios?,북한을 위한 나의 기도는 무엇이었나요?,What was my prayer for North Korea?,北朝鮮のためにどんな祈りをしましたか？,我为北韩献上的祷告是什么？,¿Cuál fue mi oración por Corea del Norte?
465,주변에 하나님이 함께하신다는 말을 전하기,Telling Someone That God Is with Them,周りの人に「神様が共におられる」と伝える,告诉身边的人神与他们同在,Decirle a alguien que Dios está con él,"힘들어 보이는 친구에게 '하나님이 함께하셔'라는 말을 건넸습니다. 친구는 조용히 고개를 끄덕였고, 서로의 믿음이 조금 더 가까워졌습니다.","I told a struggling friend, 'God is with you.' They nodded quietly, and our faith felt a little closer.",つらそうな友達に「神様が共におられるよ」と声をかけました。友達は静かにうなずき、私たちの信仰が少し近づいた気がしました。,我对一位看起来很辛苦的朋友说：“神与你同在。”朋友默默点头，我们的信仰也更加靠近了。,"A un amigo que parecía estar pasándola mal, le dije: 'Dios está contigo'. Asintió en silencio, y nuestra fe se sintió más cercana.",오늘 나는 누구에게 하나님의 존재를 전했나요?,To whom did I share God's presence today?,今日は誰に神様の存在を伝えましたか？,今天我向谁传达了神的同在？,¿A quién le compartí la presencia de Dios hoy?,하나님은 나를 통해 어떤 위로를 전하시길 원하실까요?,What kind of comfort does God want to deliver through me?,神様は私を通してどんな慰めを与えたいと願っておられるでしょうか？,神希望借着我传递怎样的安慰？,¿Qué consuelo quiere Dios transmitir a través de mí?
466,북한을 위해 기도하는 하루 시작하기,Starting the Day Praying for North Korea,北朝鮮のために祈って一日を始める,以为北韩祷告开始新的一天,Comenzar el día orando por Corea del Norte,"아침마다 드리는 짧은 기도가 있었다. 하지만 오늘은 특별히 북한의 주민들, 그 땅의 교회, 숨어 예배하는 성도들을 위해 기도했다. 눈물이 흘렀다. 내가 할 수 있는 가장 강력한 일이 기도라는 걸 새삼 느꼈다.","I usually say a short morning prayer, but today I prayed specifically for the people of North Korea, their churches, and the believers who worship in hiding. I wept. I realized once again that prayer is the most powerful thing I can do.",毎朝短い祈りを捧げていましたが、今日は特に北朝鮮の住民たち、その地の教会、隠れて礼拝する信徒たちのために祈りました。涙が流れました。自分にできる最も力強いことは祈りだと改めて感じました。,我每天早上都会祷告，但今天特别为北韩人民、那地的教会和在隐秘中敬拜的信徒祷告。我流下了眼泪，再次体会到祷告是我能做的最有力的事。,"Normalmente hago una breve oración matutina, pero hoy oré especialmente por los habitantes de Corea del Norte, sus iglesias y los creyentes que adoran en secreto. Lloré. Volví a sentir que la oración es lo más poderoso que puedo hacer.",나는 오늘 북한을 위해 어떤 기도를 했나요?,What kind of prayer did I offer for North Korea today?,今日は北朝鮮のためにどんな祈りを捧げましたか？,今天我为北韩祷告了些什么？,¿Qué tipo de oración hice hoy por Corea del Norte?,하나님은 나의 기도를 통해 어떤 일을 시작하실까요?,What might God begin through my prayer?,神様は私の祈りを通してどんなことを始められるでしょうか？,神会通过我的祷告开始做什么事？,¿Qué puede comenzar Dios a través de mi oración?
468,오늘도 하나님과 함께 걷기,Walking with God Again Today,今日も神様と共に歩む,今天也与神同行,Caminar con Dios también hoy,"바쁜 하루였지만, 매 순간 '하나님, 지금도 함께하시죠?'라고 속으로 물었다. 출근길에도, 회의 중에도. 마음이 분주할 때마다 하나님과 동행하는 것이 어떤 기적인지 느꼈다.","It was a busy day, but at every moment, I whispered, 'God, You're with me, right?' On the way to work, during meetings—I realized what a miracle it is to walk with God even in chaos.",忙しい一日でしたが、瞬間ごとに「神様、今も共におられますか？」と心の中で問いかけました。通勤途中も、会議中も。心が忙しくなるたびに、神様と共に歩むことがどれほどの奇跡かを感じました。,虽然是忙碌的一天，但我在每一刻都在心中默问：“神啊，你现在也与我同在吗？”无论是在上班路上，还是开会时，我感受到即使在繁忙中也能与神同行是一种奇迹。,"Fue un día ocupado, pero en cada momento susurré: 'Dios, ¿estás conmigo, verdad?'. En el camino al trabajo, en reuniones... Sentí que caminar con Dios incluso en medio del caos es un milagro.",오늘 나는 하나님과 어떤 대화를 나누었나요?,What kind of conversation did I have with God today?,今日は神様とどんな対話をしましたか？,今天我与神有过怎样的对话？,¿Qué conversación tuve con Dios hoy?,하나님이 항상 나와 함께하신다는 사실을 잊고 살진 않았나요?,Have I forgotten that God is always with me?,神様がいつも共におられることを忘れていませんか？,我是否忘记了神一直与我同在？,¿He olvidado que Dios siempre está conmigo?
469,북한의 다음 세대를 축복하며 기도하기,Praying Blessings Over North Korea's Next Generation,北朝鮮の次世代のために祝福の祈りを捧げる,为北韩的下一代祝福祷告,Orar bendiciones por la próxima generación de Corea del Norte,"북한의 아이들을 상상해봤다. 찬송을 크게 부를 수 없는 그 아이들. 그들을 위해 찬송을 부르고, 축복의 기도를 했다. 하나님께서 그 아이들에게도 소망을 주실 거라는 믿음이 생겼다.",I imagined children in North Korea—unable to sing praise loudly. I sang for them and prayed blessings over them. I came to believe God will give hope to them too.,北朝鮮の子どもたちを想像してみました。賛美歌を大きな声で歌うことができない彼らのために、私は代わりに賛美を歌い、祝福の祈りを捧げました。神様がその子どもたちにも希望を与えてくださると信じるようになりました。,我想象着北韩的孩子们——无法大声唱诗赞美的孩子们。我为他们唱赞美，为他们祝福祷告。我相信神也会赐给他们希望。,"Imaginé a los niños de Corea del Norte, que no pueden cantar alabanzas en voz alta. Canté por ellos y oré bendiciones sobre ellos. Empecé a creer que Dios también les dará esperanza.",나는 북한의 어린이들을 위해 어떤 축복을 전했나요?,What blessings did I declare over the children of North Korea?,北朝鮮の子どもたちにどんな祝福を祈りましたか？,我为北韩的孩子们祈求了哪些祝福？,¿Qué bendiciones declaré sobre los niños norcoreanos?,하나님은 다음 세대에게 어떤 비전을 주실까요?,What vision might God give to the next generation?,神様は次世代にどんなビジョンを与えてくださるでしょうか？,神会赐予下一代什么样的异象？,¿Qué visión podría dar Dios a la próxima generación?
470,자연 속에서 하나님을 바라보기,Seeing God in Nature,自然の中で神様を見つめる,在自然中仰望神,Contemplar a Dios en la naturaleza,하늘이 너무 맑았다. 바람이 부드럽게 볼을 스쳤다. 이 순간에도 하나님의 숨결이 느껴졌다. 눈을 감고 감사 기도를 드렸다. 일상의 자연 속에서 하나님을 다시 만났다.,"The sky was so clear, and the breeze gently touched my cheek. Even in this moment, I felt God's breath. I closed my eyes and offered a prayer of thanks. In the nature of daily life, I met God again.",空がとても澄んでいて、そよ風が頬を優しく撫でました。その瞬間にも神様の息吹を感じ、目を閉じて感謝の祈りを捧げました。日常の自然の中で、再び神様に出会いました。,天空如此清澈，微风轻拂我的面颊。在这瞬间，我感受到神的气息。我闭上眼睛，献上感恩的祷告。在日常的自然中，我再次遇见了神。,"El cielo estaba muy despejado, y la brisa rozaba suavemente mi mejilla. En ese momento sentí el aliento de Dios. Cerré los ojos y ofrecí una oración de agradecimiento. En la naturaleza diaria, volví a encontrarme con Dios.",나는 오늘 자연을 통해 하나님의 어떤 모습을 느꼈나요?,What aspect of God did I feel through nature today?,今日は自然を通して神様のどんな姿を感じましたか？,今天我透过自然感受到神的哪一面？,¿Qué aspecto de Dios sentí a través de la naturaleza hoy?,하나님이 주신 오늘의 아름다움에 감사하고 있나요?,Am I giving thanks for the beauty God gave me today?,神様がくださった今日の美しさに感謝していますか？,我是否感谢神所赐予今日的美好？,¿Estoy agradecido por la belleza que Dios me dio hoy?
471,하루에 한 번 하나님께 감사하기,Giving Thanks to God Once a Day,一日に一度神様に感謝する,每天向神感恩一次,Dar gracias a Dios una vez al día,"하루가 끝날 때 '하나님, 오늘도 감사해요'라고 말하는 습관을 들이기 시작했다. 감사한 일들을 하나씩 떠올리며 잠들었다. 그것만으로도 평안이 밀려왔다.","I started the habit of saying, 'God, thank You for today' at the end of the day. As I fell asleep listing the things I was thankful for, peace filled my heart.",一日の終わりに「神様、今日もありがとうございます」と言う習慣を始めました。感謝できることを一つずつ思い出しながら眠りにつくと、それだけで平安が訪れました。,我开始养成一个习惯，每天结束时对神说：“神啊，谢谢祢赐予这一天。”想着一天中值得感恩的事入睡，心中涌上平安。,"Comencé el hábito de decir 'Dios, gracias por hoy' al final del día. Al dormirme recordando las cosas por las que estaba agradecido, sentí paz en mi corazón.",나는 오늘 무엇에 감사했나요?,What was I thankful for today?,今日は何に感謝しましたか？,今天我为哪些事感恩？,¿Por qué estuve agradecido hoy?,감사의 기도를 자주 드리고 있나요?,Am I often offering prayers of gratitude?,感謝の祈りをよく捧げていますか？,我是否常常献上感恩的祷告？,¿Estoy orando con gratitud con frecuencia?
472,북한에 복음이 전해지도록 구체적으로 기도하기,Praying Specifically for the Gospel to Reach North Korea,北朝鮮に福音が届くように具体的に祈る,具体地为福音传入北韩祷告,Orar específicamente para que el evangelio llegue a Corea del Norte,"‘북한에 복음을!’ 외치며 기도하던 날, 하나님께서 한 가지 마음을 주셨다. '기도만 말고, 네 삶으로 준비하라.' 그날부터 나는 더 부지런히 말씀을 읽기 시작했다.","As I cried out, 'The gospel to North Korea!' in prayer, God gave me this thought: 'Don't just pray—prepare through your life.' From that day, I began to read the Word more diligently.",「北朝鮮に福音を！」と叫んで祈っていたある日、神様がこう語られました。「祈るだけでなく、自分の人生をもって備えなさい。」その日から、私はもっと熱心に御言葉を読むようになりました。,在我呼喊“愿福音临到北韩”祷告时，神对我说：“不仅要祷告，也要用你的生活来预备。”从那天起，我更勤奋地读神的话语。,"Mientras oraba gritando '¡El evangelio a Corea del Norte!', Dios puso esto en mi corazón: 'No solo ores, prepárate con tu vida'. Desde ese día comencé a leer la Palabra con más diligencia.",나는 북한 복음화를 위해 어떤 준비를 하고 있나요?,How am I preparing for the gospel to reach North Korea?,北朝鮮の福音化のために私はどんな準備をしていますか？,我为福音传入北韩做了哪些预备？,¿Cómo me estoy preparando para que el evangelio llegue a Corea del Norte?,하나님은 내 삶을 통해 어떤 일을 하시길 원하실까요?,What might God want to do through my life?,神様は私の人生を通して何をしたいと願っておられるでしょうか？,神想通过我的生命成就什么？,¿Qué quiere Dios hacer a través de mi vida?
473,출근길에 말씀 듣기,Listening to the Word on the Way to Work,通勤中に御言葉を聞く,上班途中聆听神的话语,Escuchar la Palabra camino al trabajo,지하철에서 음악 대신 설교를 들었다. '하나님이 오늘도 너를 이끌고 계신다'는 메시지를 들으며 가슴이 뜨거워졌다. 말씀 한 줄이 하루를 지탱하게 했다.,"Instead of music, I listened to a sermon on the subway. The message 'God is guiding you today' touched my heart deeply. A single line of scripture sustained me through the day.",地下鉄で音楽の代わりに説教を聞きました。「神様は今日もあなたを導いておられる」というメッセージに心が熱くなりました。御言葉の一節が一日を支えてくれました。,我在地铁上没有听音乐，而是听了讲道。那句“神今天也在引导你”的信息让我心中火热。一句经文支撑我度过整天。,"En lugar de música, escuché una predicación en el metro. El mensaje 'Dios te está guiando hoy también' me conmovió profundamente. Una línea de la Palabra me sostuvo todo el día.",나는 오늘 어떤 말씀으로 하루를 시작했나요?,What word did I start my day with today?,今日はどんな御言葉で一日を始めましたか？,今天我是以哪段经文开始新的一天？,¿Con qué palabra comencé el día hoy?,그 말씀이 오늘 나에게 어떤 힘이 되었나요?,How did that word strengthen me today?,その御言葉は今日、私にどんな力を与えましたか？,这段话语今天如何给我力量？,¿Cómo me fortaleció esa palabra hoy?
474,하나님의 시선으로 세상 바라보기,Seeing the World Through God's Eyes,神様の視点で世界を見る,以神的眼光看世界,Ver el mundo con los ojos de Dios,"길거리를 지나가며, 사람들의 얼굴을 하나씩 바라봤다. 무관심했던 마음이 ‘이들도 하나님의 사랑을 받는 존재야’라는 생각으로 바뀌었다. 세상이 조금 따뜻하게 느껴졌다.","As I walked through the street, I looked at each face I passed. My once indifferent heart shifted to a new thought: 'These people are loved by God too.' The world suddenly felt warmer.",街を歩きながら、すれ違う人の顔を一人ひとり見つめました。無関心だった心が、「この人たちも神様に愛されている存在だ」と思うようになり、世界が少し温かく感じられました。,走在街上时，我看着每一张擦肩而过的脸。原本漠不关心的心，变成了“他们也是神所爱的”的念头，世界也显得温暖了一些。,"Mientras caminaba por la calle, miraba los rostros de las personas. Mi corazón antes indiferente cambió: 'Estas personas también son amadas por Dios'. El mundo se sintió un poco más cálido.",나는 오늘 누구를 하나님의 시선으로 바라보았나요?,Who did I see today through God's perspective?,今日は誰を神様の視点で見ましたか？,今天我以神的眼光看了谁？,¿A quién vi hoy con los ojos de Dios?,그 시선이 나를 어떻게 변화시켰나요?,How did that perspective change me?,その視点は私にどんな変化をもたらしましたか？,那样的眼光如何改变了我？,¿Cómo me cambió esa perspectiva?
475,북한을 위해 찬양하며 기도하기,Praying and Singing for North Korea,北朝鮮のために賛美して祈る,为北韩祷告并赞美,Orar y alabar por Corea del Norte,"예배 시간, 찬양을 드리면서 북한을 생각했다. 그 땅에서 자유롭게 찬양할 날을 상상하며 눈을 감았다. 하나님은 그 찬양을 들으신다. 기도는 곧 찬양이었다.","During worship, I thought of North Korea as I sang. I closed my eyes and imagined the day they could worship freely. I believed God heard my praise. My prayer became praise.",礼拝の時間、賛美を捧げながら北朝鮮のことを思いました。自由に賛美できる日を想像して目を閉じました。神様はその賛美を聞いておられました。祈りはそのまま賛美となりました。,在敬拜时，我边赞美边想着北韩。我闭上眼睛，想象着他们能自由敬拜的那一天。相信神听到了我的赞美。祷告就成了赞美。,"Durante la adoración, pensé en Corea del Norte mientras cantaba. Cerré los ojos e imaginé el día en que pudieran alabar libremente. Dios escuchó mi alabanza. La oración se convirtió en alabanza.",나는 오늘 어떤 찬양으로 기도했나요?,What praise did I pray with today?,今日はどんな賛美で祈りましたか？,今天我以怎样的赞美祷告？,¿Con qué alabanza oré hoy?,그 찬양이 북한의 성도들에게 전해진다면 어떤 위로가 될까요?,"If that praise reached believers in North Korea, what comfort might it bring?",その賛美が北朝鮮の信徒たちに届いたら、どんな慰めになるでしょうか？,如果这些赞美传到北韩信徒耳中，会带来怎样的安慰？,"Si esa alabanza llegara a los creyentes en Corea del Norte, ¿qué consuelo podría traerles?"
476,하나님의 시선으로 북한을 바라보기,Seeing North Korea Through God's Eyes,神様の視点で北朝鮮を見る,以神的眼光看北韩,Ver Corea del Norte con los ojos de Dios,"뉴스에서 북한의 모습을 보며 무심코 비판하려다, 문득 하나님의 마음으로 바라보려 했어요. 그들도 하나님이 사랑하시는 영혼이라는 사실을 기억하며, 북한을 위한 기도를 시작했어요.","As I watched the news about North Korea, I was about to criticize but stopped and tried to see with God's heart. Remembering they are souls loved by God, I began to pray for North Korea.",ニュースで北朝鮮の様子を見て批判しそうになりましたが、神様の心で見ようとしました。彼らも神様に愛されている魂だと気づき、北朝鮮のために祈り始めました。,看到关于北韩的新闻时，我原本想批评，但转而试着以神的心来看待他们。想起他们也是神所爱的灵魂，我开始为北韩祷告。,"Al ver las noticias sobre Corea del Norte, estuve a punto de criticar, pero decidí mirarlos con el corazón de Dios. Al recordar que también son almas amadas por Él, comencé a orar por Corea del Norte.",나는 북한을 하나님의 시선으로 바라보고 있나요?,Am I seeing North Korea through God's eyes?,私は北朝鮮を神様の視点で見ていますか？,我是否以神的眼光看北韩？,¿Estoy viendo a Corea del Norte con los ojos de Dios?,"오늘, 북한을 위해 어떤 기도를 드릴 수 있을까요?",What prayer can I offer for North Korea today?,今日は北朝鮮のためにどんな祈りができますか？,今天我能为北韩献上怎样的祷告？,¿Qué oración puedo ofrecer hoy por Corea del Norte?
477,일상 속 작은 감사 실천하기,Practicing Small Acts of Gratitude in Daily Life,日常の中で小さな感謝を実践する,在日常生活中实践小小的感恩,Practicar pequeños actos de gratitud en la vida diaria,"편의점 직원에게 '수고 많으세요'라고 인사했더니, 놀라운 미소로 답해주셨어요. 평범한 하루가 따뜻하게 느껴졌고, 나 역시 감사의 마음으로 하루를 살아야겠다고 다짐했어요.","I said 'Thank you for your hard work' to a convenience store clerk, and they replied with a bright smile. An ordinary day felt warmer, and I decided to live my day with a heart of gratitude.",コンビニの店員さんに「お疲れさまです」と声をかけたら、驚くほどの笑顔で返してくれました。平凡な一日が温かく感じられ、自分も感謝の心で一日を過ごそうと決意しました。,我对便利店店员说“辛苦了”，他们回以灿烂的微笑。平凡的一天变得温暖起来，我也立志要以感恩的心过这一天。,"Le dije 'Gracias por tu trabajo' a un empleado de la tienda y me respondió con una sonrisa sorprendente. Un día común se sintió más cálido, y decidí vivir con un corazón agradecido.",오늘 나는 누군가에게 감사의 말을 전했나요?,Did I express gratitude to someone today?,今日は誰かに感謝の言葉を伝えましたか？,今天我有没有向某人表达感谢？,¿Expresé gratitud a alguien hoy?,하나님께 감사하며 하루를 살고 있나요?,Am I living my day with gratitude to God?,神様に感謝しながら一日を過ごしていますか？,我是否带着对神的感恩度过今天？,¿Estoy viviendo mi día con gratitud hacia Dios?
478,북한 어린이들을 위한 기도,Praying for North Korean Children,北朝鮮の子どもたちのために祈る,为北韩儿童祷告,Orar por los niños de Corea del Norte,"북한의 굶주리는 아이들을 떠올리며 잠시라도 음식을 남기지 않기로 결심했어요. 그리고 매일 밤, 그들을 위해 기도하는 습관을 만들었어요.","Thinking of the starving children in North Korea, I resolved not to waste food, even for a moment. I also began the habit of praying for them every night.",北朝鮮の飢えている子どもたちを思い浮かべて、食べ物を無駄にしないと決めました。そして毎晩、彼らのために祈る習慣を始めました。,想到北韩那些挨饿的孩子，我下定决心哪怕一点也不浪费食物。我也开始每天晚上为他们祷告的习惯。,"Pensando en los niños hambrientos de Corea del Norte, decidí no desperdiciar comida ni por un momento. También comencé el hábito de orar por ellos cada noche.",북한의 아이들을 위해 내가 할 수 있는 일은 무엇인가요?,What can I do for the children in North Korea?,北朝鮮の子どもたちのために私にできることは何ですか？,我能为北韩的孩子们做些什么？,¿Qué puedo hacer por los niños de Corea del Norte?,하나님은 그들을 위해 내가 어떤 행동을 하길 원하실까요?,What action does God want me to take for them?,神様は彼らのために私にどんな行動を望んでおられるでしょうか？,神希望我为他们采取什么行动？,¿Qué acción quiere Dios que tome por ellos?
479,하나님과 산책하기,Taking a Walk with God,神様と一緒に散歩する,与神同行散步,Pasear con Dios,"저녁 노을을 보며 산책을 하다가, 하나님께 말을 걸기 시작했어요. 자연 속에서 조용히 나누는 대화는 너무나 평화로웠고, 마치 하나님이 곁에 함께 계시는 느낌이었어요.","As I walked under the evening glow, I began talking to God. The quiet conversation in nature felt peaceful, as if God were walking right beside me.",夕焼けを見ながら散歩していると、神様に話しかけ始めました。自然の中での静かな会話はとても平和で、まるで神様が隣におられるように感じました。,在晚霞下散步时，我开始与神交谈。在大自然中那安静的对话令人心平气和，仿佛神就走在我身边。,"Mientras paseaba al atardecer, comencé a hablar con Dios. La conversación tranquila en la naturaleza fue tan pacífica que sentí que Dios caminaba a mi lado.",나는 오늘 하나님과 얼마나 대화를 나누었나요?,How much did I talk with God today?,今日は神様とどれくらい話しましたか？,今天我与神交谈了多少？,¿Cuánto hablé con Dios hoy?,자연 속에서 하나님을 만난 적이 있나요?,Have I encountered God in nature before?,自然の中で神様に出会ったことがありますか？,我是否曾在大自然中遇见神？,¿Alguna vez has encontrado a Dios en la naturaleza?
480,복음을 전할 준비되기,Preparing to Share the Gospel,福音を伝える準備をする,预备好传扬福音,Prepararse para compartir el evangelio,"언젠가 북한 땅에 복음을 전할 날이 오리라는 믿음을 품고, 지금 내가 할 수 있는 것을 준비하기로 했어요. 말씀을 묵상하고 기도하며, 그 날을 기대합니다.","Believing that the day will come when the gospel is shared in North Korea, I decided to prepare now by doing what I can—meditating on the Word and praying. I eagerly await that day.",いつか北朝鮮の地に福音が伝えられる日が来ると信じて、今自分にできることを準備することにしました。御言葉を黙想し、祈りながらその日を待ち望んでいます。,相信有一天福音会传到北韩这片土地，我决定现在就开始预备，默想神的话语并祷告，满怀期待地等待那一天。,"Creyendo que llegará el día en que el evangelio se predique en Corea del Norte, decidí prepararme desde ahora, meditando en la Palabra y orando, esperando con esperanza ese día.",나는 북한 복음화를 위해 어떤 준비를 하고 있나요?,How am I preparing for the evangelization of North Korea?,北朝鮮の福音化のために私はどんな準備をしていますか？,我正如何预备自己参与北韩的福音事工？,¿Cómo me estoy preparando para la evangelización de Corea del Norte?,"오늘, 하나님께서 나에게 맡기신 사명은 무엇일까요?",What mission has God entrusted to me today?,今日、神様が私に任せられた使命は何でしょうか？,今天神交托给我的使命是什么？,¿Qué misión me ha encomendado Dios hoy?
466,북한을 위해 기도하는 하루 시작하기,Starting the Day Praying for North Korea,北朝鮮のために祈って一日を始める,以为北韩祷告开始新的一天,Comenzar el día orando por Corea del Norte,"아침마다 드리는 짧은 기도가 있었다. 하지만 오늘은 특별히 북한의 주민들, 그 땅의 교회, 숨어 예배하는 성도들을 위해 기도했다. 눈물이 흘렀다. 내가 할 수 있는 가장 강력한 일이 기도라는 걸 새삼 느꼈다.","I usually say a short morning prayer, but today I prayed specifically for the people of North Korea, their churches, and the believers who worship in hiding. I wept. I realized once again that prayer is the most powerful thing I can do.",毎朝短い祈りを捧げていましたが、今日は特に北朝鮮の住民たち、その地の教会、隠れて礼拝する信徒たちのために祈りました。涙が流れました。自分にできる最も力強いことは祈りだと改めて感じました。,我每天早上都会祷告，但今天特别为北韩人民、那地的教会和在隐秘中敬拜的信徒祷告。我流下了眼泪，再次体会到祷告是我能做的最有力的事。,"Normalmente hago una breve oración matutina, pero hoy oré especialmente por los habitantes de Corea del Norte, sus iglesias y los creyentes que adoran en secreto. Lloré. Volví a sentir que la oración es lo más poderoso que puedo hacer.",나는 오늘 북한을 위해 어떤 기도를 했나요?,What kind of prayer did I offer for North Korea today?,今日は北朝鮮のためにどんな祈りを捧げましたか？,今天我为北韩祷告了些什么？,¿Qué tipo de oración hice hoy por Corea del Norte?,하나님은 나의 기도를 통해 어떤 일을 시작하실까요?,What might God begin through my prayer?,神様は私の祈りを通してどんなことを始められるでしょうか？,神会通过我的祷告开始做什么事？,¿Qué puede comenzar Dios a través de mi oración?
468,오늘도 하나님과 함께 걷기,Walking with God Again Today,今日も神様と共に歩む,今天也与神同行,Caminar con Dios también hoy,"바쁜 하루였지만, 매 순간 '하나님, 지금도 함께하시죠?'라고 속으로 물었다. 출근길에도, 회의 중에도. 마음이 분주할 때마다 하나님과 동행하는 것이 어떤 기적인지 느꼈다.","It was a busy day, but at every moment, I whispered, 'God, You're with me, right?' On the way to work, during meetings—I realized what a miracle it is to walk with God even in chaos.",忙しい一日でしたが、瞬間ごとに「神様、今も共におられますか？」と心の中で問いかけました。通勤途中も、会議中も。心が忙しくなるたびに、神様と共に歩むことがどれほどの奇跡かを感じました。,虽然是忙碌的一天，但我在每一刻都在心中默问：“神啊，你现在也与我同在吗？”无论是在上班路上，还是开会时，我感受到即使在繁忙中也能与神同行是一种奇迹。,"Fue un día ocupado, pero en cada momento susurré: 'Dios, ¿estás conmigo, verdad?'. En el camino al trabajo, en reuniones... Sentí que caminar con Dios incluso en medio del caos es un milagro.",오늘 나는 하나님과 어떤 대화를 나누었나요?,What kind of conversation did I have with God today?,今日は神様とどんな対話をしましたか？,今天我与神有过怎样的对话？,¿Qué conversación tuve con Dios hoy?,하나님이 항상 나와 함께하신다는 사실을 잊고 살진 않았나요?,Have I forgotten that God is always with me?,神様がいつも共におられることを忘れていませんか？,我是否忘记了神一直与我同在？,¿He olvidado que Dios siempre está conmigo?
469,북한의 다음 세대를 축복하며 기도하기,Praying Blessings Over North Korea's Next Generation,北朝鮮の次世代のために祝福の祈りを捧げる,为北韩的下一代祝福祷告,Orar bendiciones por la próxima generación de Corea del Norte,"북한의 아이들을 상상해봤다. 찬송을 크게 부를 수 없는 그 아이들. 그들을 위해 찬송을 부르고, 축복의 기도를 했다. 하나님께서 그 아이들에게도 소망을 주실 거라는 믿음이 생겼다.",I imagined children in North Korea—unable to sing praise loudly. I sang for them and prayed blessings over them. I came to believe God will give hope to them too.,北朝鮮の子どもたちを想像してみました。賛美歌を大きな声で歌うことができない彼らのために、私は代わりに賛美を歌い、祝福の祈りを捧げました。神様がその子どもたちにも希望を与えてくださると信じるようになりました。,我想象着北韩的孩子们——无法大声唱诗赞美的孩子们。我为他们唱赞美，为他们祝福祷告。我相信神也会赐给他们希望。,"Imaginé a los niños de Corea del Norte, que no pueden cantar alabanzas en voz alta. Canté por ellos y oré bendiciones sobre ellos. Empecé a creer que Dios también les dará esperanza.",나는 북한의 어린이들을 위해 어떤 축복을 전했나요?,What blessings did I declare over the children of North Korea?,北朝鮮の子どもたちにどんな祝福を祈りましたか？,我为北韩的孩子们祈求了哪些祝福？,¿Qué bendiciones declaré sobre los niños norcoreanos?,하나님은 다음 세대에게 어떤 비전을 주실까요?,What vision might God give to the next generation?,神様は次世代にどんなビジョンを与えてくださるでしょうか？,神会赐予下一代什么样的异象？,¿Qué visión podría dar Dios a la próxima generación?
470,자연 속에서 하나님을 바라보기,Seeing God in Nature,自然の中で神様を見つめる,在自然中仰望神,Contemplar a Dios en la naturaleza,하늘이 너무 맑았다. 바람이 부드럽게 볼을 스쳤다. 이 순간에도 하나님의 숨결이 느껴졌다. 눈을 감고 감사 기도를 드렸다. 일상의 자연 속에서 하나님을 다시 만났다.,"The sky was so clear, and the breeze gently touched my cheek. Even in this moment, I felt God's breath. I closed my eyes and offered a prayer of thanks. In the nature of daily life, I met God again.",空がとても澄んでいて、そよ風が頬を優しく撫でました。その瞬間にも神様の息吹を感じ、目を閉じて感謝の祈りを捧げました。日常の自然の中で、再び神様に出会いました。,天空如此清澈，微风轻拂我的面颊。在这瞬间，我感受到神的气息。我闭上眼睛，献上感恩的祷告。在日常的自然中，我再次遇见了神。,"El cielo estaba muy despejado, y la brisa rozaba suavemente mi mejilla. En ese momento sentí el aliento de Dios. Cerré los ojos y ofrecí una oración de agradecimiento. En la naturaleza diaria, volví a encontrarme con Dios.",나는 오늘 자연을 통해 하나님의 어떤 모습을 느꼈나요?,What aspect of God did I feel through nature today?,今日は自然を通して神様のどんな姿を感じましたか？,今天我透过自然感受到神的哪一面？,¿Qué aspecto de Dios sentí a través de la naturaleza hoy?,하나님이 주신 오늘의 아름다움에 감사하고 있나요?,Am I giving thanks for the beauty God gave me today?,神様がくださった今日の美しさに感謝していますか？,我是否感谢神所赐予今日的美好？,¿Estoy agradecido por la belleza que Dios me dio hoy?
471,하루에 한 번 하나님께 감사하기,Giving Thanks to God Once a Day,一日に一度神様に感謝する,每天向神感恩一次,Dar gracias a Dios una vez al día,"하루가 끝날 때 '하나님, 오늘도 감사해요'라고 말하는 습관을 들이기 시작했다. 감사한 일들을 하나씩 떠올리며 잠들었다. 그것만으로도 평안이 밀려왔다.","I started the habit of saying, 'God, thank You for today' at the end of the day. As I fell asleep listing the things I was thankful for, peace filled my heart.",一日の終わりに「神様、今日もありがとうございます」と言う習慣を始めました。感謝できることを一つずつ思い出しながら眠りにつくと、それだけで平安が訪れました。,我开始养成一个习惯，每天结束时对神说：“神啊，谢谢祢赐予这一天。”想着一天中值得感恩的事入睡，心中涌上平安。,"Comencé el hábito de decir 'Dios, gracias por hoy' al final del día. Al dormirme recordando las cosas por las que estaba agradecido, sentí paz en mi corazón.",나는 오늘 무엇에 감사했나요?,What was I thankful for today?,今日は何に感謝しましたか？,今天我为哪些事感恩？,¿Por qué estuve agradecido hoy?,감사의 기도를 자주 드리고 있나요?,Am I often offering prayers of gratitude?,感謝の祈りをよく捧げていますか？,我是否常常献上感恩的祷告？,¿Estoy orando con gratitud con frecuencia?
472,북한에 복음이 전해지도록 구체적으로 기도하기,Praying Specifically for the Gospel to Reach North Korea,北朝鮮に福音が届くように具体的に祈る,具体地为福音传入北韩祷告,Orar específicamente para que el evangelio llegue a Corea del Norte,"‘북한에 복음을!’ 외치며 기도하던 날, 하나님께서 한 가지 마음을 주셨다. '기도만 말고, 네 삶으로 준비하라.' 그날부터 나는 더 부지런히 말씀을 읽기 시작했다.","As I cried out, 'The gospel to North Korea!' in prayer, God gave me this thought: 'Don't just pray—prepare through your life.' From that day, I began to read the Word more diligently.",「北朝鮮に福音を！」と叫んで祈っていたある日、神様がこう語られました。「祈るだけでなく、自分の人生をもって備えなさい。」その日から、私はもっと熱心に御言葉を読むようになりました。,在我呼喊“愿福音临到北韩”祷告时，神对我说：“不仅要祷告，也要用你的生活来预备。”从那天起，我更勤奋地读神的话语。,"Mientras oraba gritando '¡El evangelio a Corea del Norte!', Dios puso esto en mi corazón: 'No solo ores, prepárate con tu vida'. Desde ese día comencé a leer la Palabra con más diligencia.",나는 북한 복음화를 위해 어떤 준비를 하고 있나요?,How am I preparing for the gospel to reach North Korea?,北朝鮮の福音化のために私はどんな準備をしていますか？,我为福音传入北韩做了哪些预备？,¿Cómo me estoy preparando para que el evangelio llegue a Corea del Norte?,하나님은 내 삶을 통해 어떤 일을 하시길 원하실까요?,What might God want to do through my life?,神様は私の人生を通して何をしたいと願っておられるでしょうか？,神想通过我的生命成就什么？,¿Qué quiere Dios hacer a través de mi vida?
473,출근길에 말씀 듣기,Listening to the Word on the Way to Work,通勤中に御言葉を聞く,上班途中聆听神的话语,Escuchar la Palabra camino al trabajo,지하철에서 음악 대신 설교를 들었다. '하나님이 오늘도 너를 이끌고 계신다'는 메시지를 들으며 가슴이 뜨거워졌다. 말씀 한 줄이 하루를 지탱하게 했다.,"Instead of music, I listened to a sermon on the subway. The message 'God is guiding you today' touched my heart deeply. A single line of scripture sustained me through the day.",地下鉄で音楽の代わりに説教を聞きました。「神様は今日もあなたを導いておられる」というメッセージに心が熱くなりました。御言葉の一節が一日を支えてくれました。,我在地铁上没有听音乐，而是听了讲道。那句“神今天也在引导你”的信息让我心中火热。一句经文支撑我度过整天。,"En lugar de música, escuché una predicación en el metro. El mensaje 'Dios te está guiando hoy también' me conmovió profundamente. Una línea de la Palabra me sostuvo todo el día.",나는 오늘 어떤 말씀으로 하루를 시작했나요?,What word did I start my day with today?,今日はどんな御言葉で一日を始めましたか？,今天我是以哪段经文开始新的一天？,¿Con qué palabra comencé el día hoy?,그 말씀이 오늘 나에게 어떤 힘이 되었나요?,How did that word strengthen me today?,その御言葉は今日、私にどんな力を与えましたか？,这段话语今天如何给我力量？,¿Cómo me fortaleció esa palabra hoy?
474,하나님의 시선으로 세상 바라보기,Seeing the World Through God's Eyes,神様の視点で世界を見る,以神的眼光看世界,Ver el mundo con los ojos de Dios,"길거리를 지나가며, 사람들의 얼굴을 하나씩 바라봤다. 무관심했던 마음이 ‘이들도 하나님의 사랑을 받는 존재야’라는 생각으로 바뀌었다. 세상이 조금 따뜻하게 느껴졌다.","As I walked through the street, I looked at each face I passed. My once indifferent heart shifted to a new thought: 'These people are loved by God too.' The world suddenly felt warmer.",街を歩きながら、すれ違う人の顔を一人ひとり見つめました。無関心だった心が、「この人たちも神様に愛されている存在だ」と思うようになり、世界が少し温かく感じられました。,走在街上时，我看着每一张擦肩而过的脸。原本漠不关心的心，变成了“他们也是神所爱的”的念头，世界也显得温暖了一些。,"Mientras caminaba por la calle, miraba los rostros de las personas. Mi corazón antes indiferente cambió: 'Estas personas también son amadas por Dios'. El mundo se sintió un poco más cálido.",나는 오늘 누구를 하나님의 시선으로 바라보았나요?,Who did I see today through God's perspective?,今日は誰を神様の視点で見ましたか？,今天我以神的眼光看了谁？,¿A quién vi hoy con los ojos de Dios?,그 시선이 나를 어떻게 변화시켰나요?,How did that perspective change me?,その視点は私にどんな変化をもたらしましたか？,那样的眼光如何改变了我？,¿Cómo me cambió esa perspectiva?
475,북한을 위해 찬양하며 기도하기,Praying and Singing for North Korea,北朝鮮のために賛美して祈る,为北韩祷告并赞美,Orar y alabar por Corea del Norte,"예배 시간, 찬양을 드리면서 북한을 생각했다. 그 땅에서 자유롭게 찬양할 날을 상상하며 눈을 감았다. 하나님은 그 찬양을 들으신다. 기도는 곧 찬양이었다.","During worship, I thought of North Korea as I sang. I closed my eyes and imagined the day they could worship freely. I believed God heard my praise. My prayer became praise.",礼拝の時間、賛美を捧げながら北朝鮮のことを思いました。自由に賛美できる日を想像して目を閉じました。神様はその賛美を聞いておられました。祈りはそのまま賛美となりました。,在敬拜时，我边赞美边想着北韩。我闭上眼睛，想象着他们能自由敬拜的那一天。相信神听到了我的赞美。祷告就成了赞美。,"Durante la adoración, pensé en Corea del Norte mientras cantaba. Cerré los ojos e imaginé el día en que pudieran alabar libremente. Dios escuchó mi alabanza. La oración se convirtió en alabanza.",나는 오늘 어떤 찬양으로 기도했나요?,What praise did I pray with today?,今日はどんな賛美で祈りましたか？,今天我以怎样的赞美祷告？,¿Con qué alabanza oré hoy?,그 찬양이 북한의 성도들에게 전해진다면 어떤 위로가 될까요?,"If that praise reached believers in North Korea, what comfort might it bring?",その賛美が北朝鮮の信徒たちに届いたら、どんな慰めになるでしょうか？,如果这些赞美传到北韩信徒耳中，会带来怎样的安慰？,"Si esa alabanza llegara a los creyentes en Corea del Norte, ¿qué consuelo podría traerles?"
476,하나님의 시선으로 북한을 바라보기,Seeing North Korea Through God's Eyes,神様の視点で北朝鮮を見る,以神的眼光看北韩,Ver Corea del Norte con los ojos de Dios,"뉴스에서 북한의 모습을 보며 무심코 비판하려다, 문득 하나님의 마음으로 바라보려 했어요. 그들도 하나님이 사랑하시는 영혼이라는 사실을 기억하며, 북한을 위한 기도를 시작했어요.","As I watched the news about North Korea, I was about to criticize but stopped and tried to see with God's heart. Remembering they are souls loved by God, I began to pray for North Korea.",ニュースで北朝鮮の様子を見て批判しそうになりましたが、神様の心で見ようとしました。彼らも神様に愛されている魂だと気づき、北朝鮮のために祈り始めました。,看到关于北韩的新闻时，我原本想批评，但转而试着以神的心来看待他们。想起他们也是神所爱的灵魂，我开始为北韩祷告。,"Al ver las noticias sobre Corea del Norte, estuve a punto de criticar, pero decidí mirarlos con el corazón de Dios. Al recordar que también son almas amadas por Él, comencé a orar por Corea del Norte.",나는 북한을 하나님의 시선으로 바라보고 있나요?,Am I seeing North Korea through God's eyes?,私は北朝鮮を神様の視点で見ていますか？,我是否以神的眼光看北韩？,¿Estoy viendo a Corea del Norte con los ojos de Dios?,"오늘, 북한을 위해 어떤 기도를 드릴 수 있을까요?",What prayer can I offer for North Korea today?,今日は北朝鮮のためにどんな祈りができますか？,今天我能为北韩献上怎样的祷告？,¿Qué oración puedo ofrecer hoy por Corea del Norte?
477,일상 속 작은 감사 실천하기,Practicing Small Acts of Gratitude in Daily Life,日常の中で小さな感謝を実践する,在日常生活中实践小小的感恩,Practicar pequeños actos de gratitud en la vida diaria,"편의점 직원에게 '수고 많으세요'라고 인사했더니, 놀라운 미소로 답해주셨어요. 평범한 하루가 따뜻하게 느껴졌고, 나 역시 감사의 마음으로 하루를 살아야겠다고 다짐했어요.","I said 'Thank you for your hard work' to a convenience store clerk, and they replied with a bright smile. An ordinary day felt warmer, and I decided to live my day with a heart of gratitude.",コンビニの店員さんに「お疲れさまです」と声をかけたら、驚くほどの笑顔で返してくれました。平凡な一日が温かく感じられ、自分も感謝の心で一日を過ごそうと決意しました。,我对便利店店员说“辛苦了”，他们回以灿烂的微笑。平凡的一天变得温暖起来，我也立志要以感恩的心过这一天。,"Le dije 'Gracias por tu trabajo' a un empleado de la tienda y me respondió con una sonrisa sorprendente. Un día común se sintió más cálido, y decidí vivir con un corazón agradecido.",오늘 나는 누군가에게 감사의 말을 전했나요?,Did I express gratitude to someone today?,今日は誰かに感謝の言葉を伝えましたか？,今天我有没有向某人表达感谢？,¿Expresé gratitud a alguien hoy?,하나님께 감사하며 하루를 살고 있나요?,Am I living my day with gratitude to God?,神様に感謝しながら一日を過ごしていますか？,我是否带着对神的感恩度过今天？,¿Estoy viviendo mi día con gratitud hacia Dios?
478,북한 어린이들을 위한 기도,Praying for North Korean Children,北朝鮮の子どもたちのために祈る,为北韩儿童祷告,Orar por los niños de Corea del Norte,"북한의 굶주리는 아이들을 떠올리며 잠시라도 음식을 남기지 않기로 결심했어요. 그리고 매일 밤, 그들을 위해 기도하는 습관을 만들었어요.","Thinking of the starving children in North Korea, I resolved not to waste food, even for a moment. I also began the habit of praying for them every night.",北朝鮮の飢えている子どもたちを思い浮かべて、食べ物を無駄にしないと決めました。そして毎晩、彼らのために祈る習慣を始めました。,想到北韩那些挨饿的孩子，我下定决心哪怕一点也不浪费食物。我也开始每天晚上为他们祷告的习惯。,"Pensando en los niños hambrientos de Corea del Norte, decidí no desperdiciar comida ni por un momento. También comencé el hábito de orar por ellos cada noche.",북한의 아이들을 위해 내가 할 수 있는 일은 무엇인가요?,What can I do for the children in North Korea?,北朝鮮の子どもたちのために私にできることは何ですか？,我能为北韩的孩子们做些什么？,¿Qué puedo hacer por los niños de Corea del Norte?,하나님은 그들을 위해 내가 어떤 행동을 하길 원하실까요?,What action does God want me to take for them?,神様は彼らのために私にどんな行動を望んでおられるでしょうか？,神希望我为他们采取什么行动？,¿Qué acción quiere Dios que tome por ellos?
479,하나님과 산책하기,Taking a Walk with God,神様と一緒に散歩する,与神同行散步,Pasear con Dios,"저녁 노을을 보며 산책을 하다가, 하나님께 말을 걸기 시작했어요. 자연 속에서 조용히 나누는 대화는 너무나 평화로웠고, 마치 하나님이 곁에 함께 계시는 느낌이었어요.","As I walked under the evening glow, I began talking to God. The quiet conversation in nature felt peaceful, as if God were walking right beside me.",夕焼けを見ながら散歩していると、神様に話しかけ始めました。自然の中での静かな会話はとても平和で、まるで神様が隣におられるように感じました。,在晚霞下散步时，我开始与神交谈。在大自然中那安静的对话令人心平气和，仿佛神就走在我身边。,"Mientras paseaba al atardecer, comencé a hablar con Dios. La conversación tranquila en la naturaleza fue tan pacífica que sentí que Dios caminaba a mi lado.",나는 오늘 하나님과 얼마나 대화를 나누었나요?,How much did I talk with God today?,今日は神様とどれくらい話しましたか？,今天我与神交谈了多少？,¿Cuánto hablé con Dios hoy?,자연 속에서 하나님을 만난 적이 있나요?,Have I encountered God in nature before?,自然の中で神様に出会ったことがありますか？,我是否曾在大自然中遇见神？,¿Alguna vez has encontrado a Dios en la naturaleza?
480,복음을 전할 준비되기,Preparing to Share the Gospel,福音を伝える準備をする,预备好传扬福音,Prepararse para compartir el evangelio,"언젠가 북한 땅에 복음을 전할 날이 오리라는 믿음을 품고, 지금 내가 할 수 있는 것을 준비하기로 했어요. 말씀을 묵상하고 기도하며, 그 날을 기대합니다.","Believing that the day will come when the gospel is shared in North Korea, I decided to prepare now by doing what I can—meditating on the Word and praying. I eagerly await that day.",いつか北朝鮮の地に福音が伝えられる日が来ると信じて、今自分にできることを準備することにしました。御言葉を黙想し、祈りながらその日を待ち望んでいます。,相信有一天福音会传到北韩这片土地，我决定现在就开始预备，默想神的话语并祷告，满怀期待地等待那一天。,"Creyendo que llegará el día en que el evangelio se predique en Corea del Norte, decidí prepararme desde ahora, meditando en la Palabra y orando, esperando con esperanza ese día.",나는 북한 복음화를 위해 어떤 준비를 하고 있나요?,How am I preparing for the evangelization of North Korea?,北朝鮮の福音化のために私はどんな準備をしていますか？,我正如何预备自己参与北韩的福音事工？,¿Cómo me estoy preparando para la evangelización de Corea del Norte?,"오늘, 하나님께서 나에게 맡기신 사명은 무엇일까요?",What mission has God entrusted to me today?,今日、神様が私に任せられた使命は何でしょうか？,今天神交托给我的使命是什么？,¿Qué misión me ha encomendado Dios hoy?
